Date,AAPL_PX_LAST,SPX_PX_LAST
2/16/2012,65.0661,1358.04
2/17/2012,65.0544,1361.23
2/21/2012,66.7037,1362.21
2/22/2012,66.4692,1357.66
2/23/2012,66.9032,1363.46
2/24/2012,67.6832,1365.74
2/27/2012,68.1172,1367.59
2/28/2012,69.3675,1372.18
2/29/2012,70.2783,1365.68
3/1/2012,70.5413,1374.09
3/2/2012,70.6333,1369.63
3/5/2012,69.076,1364.33
3/6/2012,68.7002,1343.36
3/7/2012,68.7559,1352.63
3/8/2012,70.22,1365.91
3/9/2012,70.632,1370.87
3/12/2012,71.5169,1371.09
3/13/2012,73.6028,1395.95
3/14/2012,76.3857,1394.28
3/15/2012,75.8649,1402.6
3/16/2012,75.8662,1404.17
3/19/2012,77.8782,1409.75
3/20/2012,78.5079,1405.52
3/21/2012,78.0596,1402.89
3/22/2012,77.6502,1392.78
3/23/2012,77.224,1397.11
3/26/2012,78.64,1416.51
3/27/2012,79.6117,1412.52
3/28/2012,80.0186,1405.54
3/29/2012,79.0132,1403.28
3/30/2012,77.6774,1408.47
4/2/2012,80.1494,1419.04
4/3/2012,81.5344,1413.38
4/4/2012,80.8853,1398.96
4/5/2012,82.0993,1398.08
4/9/2012,82.4297,1382.2
4/10/2012,81.4204,1358.59
4/11/2012,81.1302,1368.71
4/12/2012,80.6858,1387.57
4/13/2012,78.4133,1370.26
4/16/2012,75.1614,1369.57
4/17/2012,78.9924,1390.78
4/18/2012,78.8162,1385.14
4/19/2012,76.1084,1376.92
4/20/2012,74.235,1378.53
4/23/2012,74.0692,1366.94
4/24/2012,72.5896,1371.97
4/25/2012,79.0313,1390.69
4/26/2012,78.7333,1399.98
4/27/2012,78.1244,1403.36
4/30/2012,75.6602,1397.91
5/1/2012,75.4205,1405.82
5/2/2012,75.9193,1402.31
5/3/2012,75.3803,1391.57
5/4/2012,73.2335,1369.1
5/7/2012,73.7816,1369.58
5/8/2012,73.6131,1363.72
5/9/2012,73.7427,1354.58
5/10/2012,73.9163,1357.99
5/11/2012,73.4227,1353.39
5/14/2012,72.3227,1338.35
5/15/2012,71.6684,1330.66
5/16/2012,70.7492,1324.8
5/17/2012,68.6821,1304.86
5/18/2012,68.7158,1295.22
5/21/2012,72.7192,1315.99
5/22/2012,72.1608,1316.63
5/23/2012,73.9215,1318.86
5/24/2012,73.2426,1320.68
5/25/2012,72.85,1317.82
5/29/2012,74.143,1332.42
5/30/2012,75.037,1313.32
5/31/2012,74.8504,1310.33
6/1/2012,72.6816,1278.04
6/4/2012,73.1091,1278.18
6/5/2012,72.92,1285.5
6/6/2012,74.0381,1315.13
6/7/2012,74.0718,1314.99
6/8/2012,75.186,1325.66
6/11/2012,74.0005,1308.93
6/12/2012,74.647,1324.18
6/13/2012,74.1288,1314.88
6/14/2012,74.0472,1329.1
6/15/2012,74.384,1342.84
6/18/2012,75.8934,1344.78
6/19/2012,76.1046,1357.98
6/20/2012,75.8883,1355.69
6/21/2012,74.8426,1325.51
6/22/2012,75.4166,1335.02
6/25/2012,73.948,1313.72
6/26/2012,74.1113,1319.99
6/27/2012,74.4319,1331.85
6/28/2012,73.7258,1329.04
6/29/2012,75.6628,1362.16
7/2/2012,76.7666,1365.51
7/3/2012,77.6593,1374.02
7/5/2012,79.0235,1367.58
7/6/2012,78.4975,1354.68
7/9/2012,79.5353,1352.46
7/10/2012,78.7994,1341.47
7/11/2012,78.3097,1341.45
7/12/2012,77.5932,1334.76
7/13/2012,78.3796,1356.78
7/16/2012,78.631,1353.64
7/17/2012,78.6349,1363.67
7/18/2012,78.5468,1372.78
7/19/2012,79.591,1376.51
7/20/2012,78.2928,1362.66
7/23/2012,78.2319,1350.52
7/24/2012,77.8549,1338.31
7/25/2012,74.4928,1337.89
7/26/2012,74.4812,1360.02
7/27/2012,75.813,1385.97
7/30/2012,77.0918,1385.3
7/31/2012,79.1298,1379.32
8/1/2012,78.618,1375.14
8/2/2012,78.745,1365
8/3/2012,79.7698,1390.99
8/6/2012,80.6573,1394.23
8/7/2012,80.4453,1401.35
8/8/2012,80.3088,1402.22
8/9/2012,80.7668,1402.8
8/10/2012,80.893,1405.87
8/13/2012,81.9729,1404.11
8/14/2012,82.1928,1403.93
8/15/2012,82.0809,1405.53
8/16/2012,82.7979,1415.51
8/17/2012,84.3293,1418.16
8/20/2012,86.5465,1418.13
8/21/2012,85.364,1413.17
8/22/2012,87.0305,1413.49
8/23/2012,86.2186,1402.08
8/24/2012,86.2956,1411.13
8/27/2012,87.9166,1410.44
8/28/2012,87.8021,1409.3
8/29/2012,87.6286,1410.49
8/30/2012,86.3797,1399.48
8/31/2012,86.5582,1406.58
9/4/2012,87.8242,1404.94
9/5/2012,87.2075,1403.44
9/6/2012,87.9934,1432.12
9/7/2012,88.536,1437.92
9/10/2012,86.2329,1429.08
9/11/2012,85.9532,1433.56
9/12/2012,87.1502,1436.56
9/13/2012,88.8665,1459.99
9/14/2012,89.9464,1465.77
9/17/2012,91.0526,1461.19
9/18/2012,91.3296,1459.32
9/19/2012,91.3543,1461.05
9/20/2012,90.9119,1460.26
9/21/2012,91.0934,1460.15
9/24/2012,89.8827,1456.89
9/25/2012,87.6382,1441.59
9/26/2012,86.5504,1433.32
9/27/2012,88.6505,1447.15
9/28/2012,86.8009,1440.67
10/1/2012,85.797,1444.49
10/2/2012,86.0469,1445.75
10/3/2012,87.3662,1450.99
10/4/2012,86.7612,1461.4
10/5/2012,84.9123,1460.93
10/8/2012,83.036,1455.88
10/9/2012,82.7341,1441.48
10/10/2012,83.3925,1432.56
10/11/2012,81.7257,1432.84
10/12/2012,81.9357,1428.59
10/15/2012,82.5923,1440.13
10/16/2012,84.5483,1454.92
10/17/2012,83.8744,1460.91
10/18/2012,82.3164,1457.34
10/19/2012,79.3498,1433.19
10/22/2012,82.4973,1433.82
10/23/2012,79.8072,1413.11
10/24/2012,80.2593,1408.75
10/25/2012,79.3105,1412.97
10/26/2012,78.5899,1411.94
10/31/2012,77.4605,1412.16
11/1/2012,77.6193,1427.59
11/2/2012,75.0508,1414.2
11/5/2012,76.0684,1417.26
11/6/2012,75.8379,1428.39
11/7/2012,72.9365,1394.53
11/8/2012,70.2893,1377.51
11/9/2012,71.5062,1379.85
11/12/2012,70.9533,1380.03
11/13/2012,70.9622,1374.53
11/14/2012,70.1756,1355.49
11/15/2012,68.7038,1353.33
11/16/2012,68.9728,1359.88
11/19/2012,73.9466,1386.89
11/20/2012,73.317,1387.81
11/21/2012,73.4198,1391.03
11/23/2012,74.7008,1409.15
11/26/2012,77.0575,1406.29
11/27/2012,76.4366,1398.94
11/28/2012,76.1961,1409.93
11/29/2012,77.0353,1415.95
11/30/2012,76.502,1416.18
12/3/2012,76.6209,1409.46
12/4/2012,75.2688,1407.05
12/5/2012,70.4256,1409.28
12/6/2012,71.5304,1413.94
12/7/2012,69.7011,1418.07
12/10/2012,69.2529,1418.55
12/11/2012,70.7649,1427.84
12/12/2012,70.4527,1428.48
12/13/2012,69.2358,1419.45
12/14/2012,66.6352,1413.58
12/17/2012,67.8163,1430.36
12/18/2012,69.7861,1446.79
12/19/2012,68.794,1435.81
12/20/2012,68.1954,1443.69
12/21/2012,67.8817,1430.15
12/24/2012,67.9912,1426.66
12/26/2012,67.0542,1419.83
12/27/2012,67.3235,1418.1
12/28/2012,66.6084,1402.43
12/31/2012,69.5604,1426.19
1/2/2013,71.7637,1462.42
1/3/2013,70.8574,1459.37
1/4/2013,68.8842,1466.47
1/7/2013,68.479,1461.89
1/8/2013,68.6633,1457.15
1/9/2013,67.5902,1461.02
1/10/2013,68.428,1472.12
1/11/2013,68.0084,1472.05
1/14/2013,65.5838,1470.68
1/15/2013,63.5146,1472.34
1/16/2013,66.1511,1472.63
1/17/2013,65.7053,1480.94
1/18/2013,65.355,1485.98
1/22/2013,65.9785,1492.56
1/23/2013,67.1856,1494.81
1/24/2013,58.8849,1494.82
1/25/2013,57.4967,1502.96
1/28/2013,58.7973,1500.18
1/29/2013,59.9005,1507.84
1/30/2013,59.7123,1501.96
1/31/2013,59.5371,1498.11
2/1/2013,59.2927,1513.17
2/4/2013,57.8152,1495.71
2/5/2013,59.8448,1511.29
2/6/2013,59.7802,1512.12
2/7/2013,61.5577,1509.39
2/8/2013,62.4465,1517.93
2/11/2013,63.0973,1517.01
2/12/2013,61.5157,1519.43
2/13/2013,61.3987,1520.33
2/14/2013,61.3434,1521.38
2/15/2013,60.4981,1519.79
2/19/2013,60.4757,1530.94
2/20/2013,59.0111,1511.95
2/21/2013,58.6443,1502.42
2/22/2013,59.2688,1515.6
2/25/2013,58.2157,1487.85
2/26/2013,59.0269,1496.94
2/27/2013,58.4484,1515.99
2/28/2013,58.0317,1514.68
3/1/2013,56.5947,1518.2
3/4/2013,55.2247,1525.2
3/5/2013,56.6833,1539.79
3/6/2013,55.9626,1541.46
3/7/2013,56.6094,1544.26
3/8/2013,56.759,1551.18
3/11/2013,57.5676,1556.22
3/12/2013,56.3265,1552.48
3/13/2013,56.316,1554.52
3/14/2013,56.8616,1563.23
3/15/2013,58.3288,1560.7
3/18/2013,59.9143,1552.1
3/19/2013,59.7526,1548.34
3/20/2013,59.4358,1558.71
3/21/2013,59.5212,1545.8
3/22/2013,60.7282,1556.89
3/25/2013,60.9477,1551.69
3/26/2013,60.6264,1563.77
3/27/2013,59.4358,1562.85
3/28/2013,58.1973,1569.19
4/1/2013,56.3896,1562.17
4/2/2013,56.5055,1570.25
4/3/2013,56.7945,1553.69
4/4/2013,56.2331,1559.98
4/5/2013,55.6389,1553.28
4/8/2013,56.0346,1563.07
4/9/2013,56.1358,1568.61
4/10/2013,57.281,1587.73
4/11/2013,57.1022,1593.37
4/12/2013,56.5066,1588.85
4/15/2013,55.1985,1552.36
4/16/2013,56.0386,1574.57
4/17/2013,52.9569,1552.01
4/18/2013,51.5435,1541.61
4/19/2013,51.3437,1555.25
4/22/2013,52.4139,1562.5
4/23/2013,53.3947,1578.78
4/24/2013,53.3068,1578.79
4/25/2013,53.6905,1585.16
4/26/2013,54.8507,1582.24
4/29/2013,56.5487,1593.61
4/30/2013,58.2131,1597.57
5/1/2013,57.7543,1582.7
5/2/2013,58.5733,1597.59
5/3/2013,59.1597,1614.42
5/6/2013,60.5704,1617.5
5/7/2013,60.3006,1625.96
5/8/2013,60.9819,1632.69
5/9/2013,60.4499,1626.67
5/10/2013,59.947,1633.7
5/13/2013,60.1812,1633.77
5/14/2013,58.7413,1650.34
5/15/2013,56.7549,1658.78
5/16/2013,57.5129,1650.47
5/17/2013,57.3385,1667.47
5/20/2013,58.6183,1666.29
5/21/2013,58.1855,1669.16
5/22/2013,58.4097,1655.35
5/23/2013,58.5137,1650.51
5/24/2013,58.9121,1649.6
5/28/2013,58.4209,1660.06
5/29/2013,58.8856,1648.36
5/30/2013,59.763,1654.41
5/31/2013,59.5189,1630.74
6/3/2013,59.6492,1640.42
6/4/2013,59.4626,1631.38
6/5/2013,58.9068,1608.9
6/6/2013,58.0267,1622.56
6/7/2013,58.4702,1643.38
6/10/2013,58.0836,1642.81
6/11/2013,57.9129,1626.13
6/12/2013,57.1969,1612.52
6/13/2013,57.6965,1636.36
6/14/2013,56.9137,1626.73
6/17/2013,57.1718,1639.04
6/18/2013,57.1413,1651.81
6/19/2013,55.9807,1628.93
6/20/2013,55.1652,1588.19
6/21/2013,54.7234,1592.43
6/24/2013,53.273,1573.09
6/25/2013,53.2849,1588.03
6/26/2013,52.6814,1603.26
6/27/2013,52.1137,1613.2
6/28/2013,52.4776,1606.28
7/1/2013,54.157,1614.96
7/2/2013,55.3838,1614.08
7/3/2013,55.6895,1615.41
7/5/2013,55.2422,1631.89
7/8/2013,54.9286,1640.46
7/9/2013,55.8947,1652.32
7/10/2013,55.6803,1652.62
7/11/2013,56.5482,1675.02
7/12/2013,56.4452,1680.19
7/15/2013,56.5683,1682.5
7/16/2013,56.9329,1676.26
7/17/2013,56.9481,1680.91
7/18/2013,57.1397,1689.37
7/19/2013,56.2388,1692.09
7/22/2013,56.4187,1695.53
7/23/2013,55.45,1692.39
7/24/2013,58.298,1685.94
7/25/2013,58.032,1690.25
7/26/2013,58.3615,1691.65
7/29/2013,59.2614,1685.33
7/30/2013,59.9933,1685.96
7/31/2013,59.8888,1685.73
8/1/2013,60.4374,1706.87
8/2/2013,61.2135,1709.67
8/5/2013,62.128,1707.14
8/6/2013,61.5721,1697.37
8/7/2013,61.5364,1690.91
8/8/2013,61.4138,1697.48
8/9/2013,60.54,1691.42
8/12/2013,62.2598,1689.47
8/13/2013,65.2185,1694.16
8/14/2013,66.4081,1685.39
8/15/2013,66.3295,1661.32
8/16/2013,66.9183,1655.83
8/19/2013,67.639,1646.06
8/20/2013,66.7505,1652.35
8/21/2013,66.9223,1642.8
8/22/2013,67.0023,1656.96
8/23/2013,66.7438,1663.5
8/26/2013,67.0036,1656.78
8/27/2013,65.0879,1630.48
8/28/2013,65.3951,1634.96
8/29/2013,65.5022,1638.17
8/30/2013,64.9049,1632.97
9/3/2013,65.0866,1639.77
9/4/2013,66.4336,1653.08
9/5/2013,65.9778,1655.08
9/6/2013,66.3708,1655.17
9/9/2013,67.4299,1671.71
9/10/2013,65.8939,1683.99
9/11/2013,62.3064,1689.13
9/12/2013,62.9698,1683.42
9/13/2013,61.9321,1687.99
9/16/2013,59.9631,1697.6
9/17/2013,60.6559,1704.76
9/18/2013,61.9028,1725.52
9/19/2013,62.9179,1722.34
9/20/2013,62.2664,1709.91
9/23/2013,65.361,1701.84
9/24/2013,65.1559,1697.42
9/25/2013,64.1474,1692.77
9/26/2013,64.7722,1698.67
9/27/2013,64.31,1691.75
9/30/2013,63.5107,1681.55
10/1/2013,65.004,1695
10/2/2013,65.2172,1693.87
10/3/2013,64.3979,1678.66
10/4/2013,64.3473,1690.5
10/7/2013,64.976,1676.12
10/8/2013,64.0688,1655.45
10/9/2013,64.8212,1656.4
10/10/2013,65.2276,1692.56
10/11/2013,65.6504,1703.2
10/14/2013,66.0804,1710.14
10/15/2013,66.4321,1698.06
10/16/2013,66.7563,1721.54
10/17/2013,67.2074,1733.15
10/18/2013,67.7922,1744.5
10/21/2013,69.4537,1744.66
10/22/2013,69.2546,1754.67
10/23/2013,69.933,1746.38
10/24/2013,70.8589,1752.07
10/25/2013,70.066,1759.77
10/28/2013,70.5879,1762.11
10/29/2013,68.8297,1771.95
10/30/2013,69.9245,1763.31
10/31/2013,69.6322,1756.54
11/1/2013,69.2762,1761.64
11/4/2013,70.1715,1767.93
11/5/2013,69.9981,1762.97
11/6/2013,69.8,1770.49
11/7/2013,68.6707,1747.15
11/8/2013,69.7517,1770.61
11/11/2013,69.5491,1771.89
11/12/2013,69.678,1767.69
11/13/2013,69.7616,1782
11/14/2013,70.7701,1790.62
11/15/2013,70.3455,1798.18
11/18/2013,69.493,1791.53
11/19/2013,69.6164,1787.87
11/20/2013,69.0067,1781.37
11/21/2013,69.8289,1795.85
11/22/2013,69.6499,1804.76
11/25/2013,70.1778,1802.48
11/26/2013,71.4722,1802.75
11/27/2013,73.1552,1807.23
11/29/2013,74.5098,1805.81
12/2/2013,73.8613,1800.9
12/3/2013,75.8835,1795.15
12/4/2013,75.7064,1792.81
12/5/2013,76.0951,1785.03
12/6/2013,75.0391,1805.09
12/9/2013,75.898,1808.37
12/10/2013,75.7801,1802.62
12/11/2013,75.2187,1782.22
12/12/2013,75.1088,1775.5
12/13/2013,74.2901,1775.32
12/16/2013,74.7015,1786.54
12/17/2013,74.3651,1781
12/18/2013,73.7997,1810.65
12/19/2013,72.9542,1809.6
12/20/2013,73.5652,1818.32
12/23/2013,76.3884,1827.99
12/24/2013,76.0642,1833.32
12/26/2013,75.559,1842.02
12/27/2013,75.0485,1841.4
12/30/2013,74.3022,1841.07
12/31/2013,75.1731,1848.36
1/2/2014,74.1159,1831.98
1/3/2014,72.4879,1831.37
1/6/2014,72.8832,1826.77
1/7/2014,72.3616,1837.88
1/8/2014,72.8202,1837.49
1/9/2014,71.8901,1838.13
1/10/2014,71.4106,1842.37
1/13/2014,71.7844,1819.2
1/14/2014,73.2128,1838.88
1/15/2014,74.6827,1848.38
1/16/2014,74.266,1845.89
1/17/2014,72.4463,1838.7
1/21/2014,73.5719,1843.8
1/22/2014,73.8988,1844.86
1/23/2014,74.5246,1828.46
1/24/2014,73.1699,1790.29
1/27/2014,73.7635,1781.56
1/28/2014,67.8678,1792.5
1/29/2014,67.0973,1774.2
1/30/2014,66.9676,1794.19
1/31/2014,67.0772,1782.59
2/3/2014,67.2018,1741.89
2/4/2014,68.1746,1755.2
2/5/2014,68.6838,1751.64
2/6/2014,69.0841,1773.43
2/7/2014,70.0506,1797.02
2/10/2014,71.3056,1799.84
2/11/2014,72.2451,1819.75
2/12/2014,72.2397,1819.26
2/13/2014,73.3868,1829.83
2/14/2014,73.3275,1838.63
2/18/2014,73.5971,1840.76
2/19/2014,72.4352,1828.75
2/20/2014,71.5967,1839.78
2/21/2014,70.8014,1836.25
2/24/2014,71.1115,1847.61
2/25/2014,70.3714,1845.12
2/26/2014,69.7366,1845.16
2/27/2014,71.1276,1854.29
2/28/2014,70.9349,1859.45
3/3/2014,71.1398,1845.73
3/4/2014,71.6089,1873.91
3/5/2014,71.7598,1873.81
3/6/2014,71.5428,1877.03
3/7/2014,71.501,1878.04
3/10/2014,71.5657,1877.17
3/11/2014,72.2626,1867.63
3/12/2014,72.3327,1868.2
3/13/2014,71.5293,1846.34
3/14/2014,70.726,1841.13
3/17/2014,71.0023,1858.83
3/18/2014,71.6304,1872.25
3/19/2014,71.6116,1860.77
3/20/2014,71.2665,1872.01
3/21/2014,71.8286,1866.52
3/24/2014,72.6805,1857.44
3/25/2014,73.4623,1865.62
3/26/2014,72.76,1852.56
3/27/2014,72.4473,1849.04
3/28/2014,72.3664,1857.62
3/31/2014,72.3502,1872.34
4/1/2014,73.0121,1885.52
4/2/2014,73.1334,1890.9
4/3/2014,72.6266,1888.77
4/4/2014,71.687,1865.09
4/7/2014,70.5615,1845.04
4/8/2014,70.5575,1851.96
4/9/2014,71.4849,1872.18
4/10/2014,70.5629,1833.08
4/11/2014,70.0412,1815.69
4/14/2014,70.3202,1830.61
4/15/2014,69.8188,1842.98
4/16/2014,69.9603,1862.31
4/17/2014,70.7597,1864.85
4/21/2014,71.5994,1871.89
4/22/2014,71.6707,1879.55
4/23/2014,70.734,1875.39
4/24/2014,76.533,1878.61
4/25/2014,77.0951,1863.4
4/28/2014,80.0808,1869.43
4/29/2014,79.8435,1878.33
4/30/2014,79.5416,1883.95
5/1/2014,79.729,1883.68
5/2/2014,79.8772,1881.14
5/5/2014,81.0068,1884.66
5/6/2014,80.1239,1867.72
5/7/2014,79.8435,1878.21
5/8/2014,79.7012,1875.63
5/9/2014,79.3695,1878.48
5/12/2014,80.3573,1896.65
5/13/2014,80.4833,1897.45
5/14/2014,80.4982,1888.53
5/15/2014,79.8137,1870.85
5/16/2014,80.9916,1877.86
5/19/2014,81.9513,1885.08
5/20/2014,81.9676,1872.83
5/21/2014,82.1845,1888.03
5/22/2014,82.3146,1892.49
5/23/2014,83.2444,1900.53
5/27/2014,84.8033,1911.91
5/28/2014,84.5837,1909.78
5/29/2014,86.1249,1920.03
5/30/2014,85.8022,1923.57
6/2/2014,85.2126,1924.97
6/3/2014,86.4176,1924.24
6/4/2014,87.4044,1927.88
6/5/2014,87.7474,1940.46
6/6/2014,87.5061,1949.44
6/9/2014,88.9063,1951.27
6/10/2014,89.4282,1950.79
6/11/2014,89.0581,1943.89
6/12/2014,87.5684,1930.11
6/13/2014,86.6101,1936.16
6/16/2014,87.4831,1937.78
6/17/2014,87.3692,1941.99
6/18/2014,87.4641,1956.98
6/19/2014,87.1604,1959.48
6/20/2014,86.259,1962.87
6/23/2014,86.1831,1962.61
6/24/2014,85.6613,1949.98
6/25/2014,85.7372,1959.53
6/26/2014,86.2496,1957.22
6/27/2014,87.2743,1960.96
6/30/2014,88.1757,1960.23
7/1/2014,88.7355,1973.32
7/2/2014,88.6976,1974.62
7/3/2014,89.2194,1985.44
7/7/2014,91.0583,1977.65
7/8/2014,90.4719,1963.71
7/9/2014,90.5099,1972.83
7/10/2014,90.173,1964.68
7/11/2014,90.3485,1967.57
7/14/2014,91.5156,1977.1
7/15/2014,90.4434,1973.28
7/16/2014,89.9311,1981.57
7/17/2014,88.3274,1958.12
7/18/2014,89.599,1978.22
7/21/2014,89.1331,1973.63
7/22/2014,89.8741,1983.53
7/23/2014,92.2178,1987.01
7/24/2014,92.0659,1987.98
7/25/2014,92.6742,1978.34
7/28/2014,93.9541,1978.91
7/29/2014,93.3469,1969.95
7/30/2014,93.1286,1970.07
7/31/2014,90.7091,1930.67
8/1/2014,91.212,1925.15
8/4/2014,90.6996,1938.99
8/5/2014,90.2537,1920.21
8/6/2014,90.1018,1920.24
8/7/2014,90.0923,1909.57
8/8/2014,90.3402,1931.59
8/11/2014,91.5322,1936.92
8/12/2014,91.5131,1933.75
8/13/2014,92.7241,1946.72
8/14/2014,92.9721,1955.18
8/15/2014,93.4298,1955.06
8/18/2014,94.555,1971.74
8/19/2014,95.8614,1981.6
8/20/2014,95.8995,1986.51
8/21/2014,95.909,1992.37
8/22/2014,96.6147,1988.4
8/25/2014,96.8244,1997.92
8/26/2014,96.2037,2000.02
8/27/2014,97.387,2000.12
8/28/2014,97.5015,1996.74
8/29/2014,97.7399,2003.37
9/2/2014,98.5027,2002.28
9/3/2014,94.3452,2000.72
9/4/2014,93.5633,1997.65
9/5/2014,94.3738,2007.71
9/8/2014,93.7921,2001.54
9/9/2014,93.4393,1988.44
9/10/2014,96.3095,1995.69
9/11/2014,96.7196,1997.45
9/12/2014,96.9389,1985.54
9/15/2014,96.9103,1984.13
9/16/2014,96.176,1998.98
9/17/2014,96.8626,2001.57
9/18/2014,97.0628,2011.36
9/19/2014,96.2714,2010.4
9/22/2014,96.3667,1994.29
9/23/2014,97.8734,1982.77
9/24/2014,97.0247,1998.3
9/25/2014,93.3249,1965.99
9/26/2014,96.0711,1982.85
9/29/2014,95.4609,1977.8
9/30/2014,96.0711,1972.29
10/1/2014,94.574,1946.16
10/2/2014,95.2606,1946.17
10/3/2014,94.9936,1967.9
10/6/2014,94.9936,1964.82
10/7/2014,94.164,1935.1
10/8/2014,96.1188,1968.89
10/9/2014,96.3286,1928.21
10/10/2014,96.0521,1906.13
10/13/2014,95.1748,1874.74
10/14/2014,94.164,1877.7
10/15/2014,93.0102,1862.49
10/16/2014,91.7897,1862.76
10/17/2014,93.1342,1886.76
10/20/2014,95.1271,1904.01
10/21/2014,97.7113,1941.28
10/22/2014,98.2071,1927.11
10/23/2014,99.9617,1950.82
10/24/2014,100.3335,1964.58
10/27/2014,100.2287,1961.63
10/28/2014,101.783,1985.05
10/29/2014,102.3551,1982.3
10/30/2014,102.0118,1994.65
10/31/2014,102.9844,2018.05
11/3/2014,104.3194,2017.81
11/4/2014,103.5566,2012.1
11/5/2014,103.8045,2023.57
11/6/2014,104.1014,2031.21
11/7/2014,104.3983,2031.92
11/10/2014,104.2259,2038.26
11/11/2014,105.0591,2039.68
11/12/2014,106.5435,2038.25
11/13/2014,108.0471,2039.33
11/14/2014,109.3496,2039.82
11/17/2014,109.1676,2041.32
11/18/2014,110.585,2051.8
11/19/2014,109.8188,2048.72
11/20/2014,111.3895,2052.75
11/21/2014,111.5427,2063.5
11/24/2014,113.6065,2069.41
11/25/2014,112.6249,2067.03
11/26/2014,113.9656,2072.83
11/28/2014,113.8986,2067.56
12/1/2014,110.2019,2053.44
12/2/2014,109.7805,2066.55
12/3/2014,111.0255,2074.33
12/4/2014,110.6041,2071.92
12/5/2014,110.1349,2075.37
12/8/2014,107.6449,2060.31
12/9/2014,109.2921,2059.82
12/10/2014,107.2139,2026.14
12/11/2014,106.8979,2035.33
12/12/2014,105.0878,2002.33
12/15/2014,103.6465,1989.63
12/16/2014,102.2291,1972.74
12/17/2014,104.7814,2012.89
12/18/2014,107.8843,2061.23
12/19/2014,107.0511,2070.65
12/22/2014,108.162,2078.54
12/23/2014,107.7789,2082.17
12/24/2014,107.2714,2081.88
12/26/2014,109.1676,2088.77
12/29/2014,109.091,2090.57
12/30/2014,107.7598,2080.35
12/31/2014,105.7103,2058.9
1/2/2015,104.7047,2058.2
1/5/2015,101.755,2020.58
1/6/2015,101.7646,2002.61
1/7/2015,103.1916,2025.9
1/8/2015,107.1564,2062.14
1/9/2015,107.2714,2044.81
1/12/2015,104.6281,2028.26
1/13/2015,105.5571,2023.03
1/14/2015,105.1549,2011.27
1/15/2015,102.3009,1992.67
1/16/2015,101.506,2019.42
1/20/2015,104.1205,2022.55
1/21/2015,104.9154,2032.12
1/22/2015,107.6449,2063.15
1/23/2015,108.2003,2051.82
1/26/2015,108.3153,2057.09
1/27/2015,104.5228,2029.55
1/28/2015,110.4318,2002.16
1/29/2015,113.8699,2021.25
1/30/2015,112.2035,1994.99
2/2/2015,113.6113,2020.85
2/3/2015,113.6305,2050.03
2/4/2015,114.502,2041.51
2/5/2015,115.3192,2062.52
2/6/2015,114.3481,2055.47
2/9/2015,115.1077,2046.74
2/10/2015,117.3191,2068.59
2/11/2015,120.0689,2068.53
2/12/2015,121.588,2088.48
2/13/2015,122.1841,2096.99
2/17/2015,122.9052,2100.34
2/18/2015,123.7561,2099.68
2/19/2015,123.5014,2097.45
2/20/2015,124.5061,2110.3
2/23/2015,127.8761,2109.66
2/24/2015,127.078,2115.48
2/25/2015,123.8283,2113.86
2/26/2015,125.3907,2110.74
2/27/2015,123.511,2104.5
3/2/2015,124.1167,2117.39
3/3/2015,124.3763,2107.78
3/4/2015,123.5879,2098.53
3/5/2015,121.54,2101.04
3/6/2015,121.7226,2071.26
3/9/2015,122.2418,2079.43
3/10/2015,119.7131,2044.16
3/11/2015,117.5306,2040.24
3/12/2015,119.6555,2065.95
3/13/2015,118.8286,2053.4
3/16/2015,120.1362,2081.19
3/17/2015,122.1457,2074.28
3/18/2015,123.5206,2099.5
3/19/2015,122.5832,2089.27
3/20/2015,121.0496,2108.1
3/23/2015,122.3091,2104.42
3/24/2015,121.8092,2091.5
3/25/2015,118.6267,2061.05
3/26/2015,119.4536,2056.15
3/27/2015,118.5017,2061.02
3/30/2015,121.5015,2086.24
3/31/2015,119.6362,2067.89
4/1/2015,119.4632,2059.69
4/2/2015,120.4919,2066.96
4/6/2015,122.4437,2080.62
4/7/2015,121.1554,2076.33
4/8/2015,120.7612,2081.9
4/9/2015,121.6842,2091.18
4/10/2015,122.2034,2102.06
4/13/2015,121.963,2092.43
4/14/2015,121.4342,2095.84
4/15/2015,121.8957,2106.63
4/16/2015,121.3092,2104.99
4/17/2015,119.9439,2081.18
4/20/2015,122.6841,2100.4
4/21/2015,122.0207,2097.29
4/22/2015,123.6648,2107.96
4/23/2015,124.6744,2112.93
4/24/2015,125.2609,2117.69
4/27/2015,127.5395,2108.92
4/28/2015,125.5301,2114.76
4/29/2015,123.684,2106.85
4/30/2015,120.3285,2085.51
5/1/2015,123.9821,2108.29
5/4/2015,123.7417,2114.49
5/5/2015,120.9535,2089.46
5/6/2015,120.1939,2080.15
5/7/2015,120.9373,2088
5/8/2015,123.2159,2116.1
5/11/2015,121.9607,2105.33
5/12/2015,121.5214,2099.12
5/13/2015,121.6614,2098.48
5/14/2015,124.5,2121.1
5/15/2015,124.3262,2122.73
5/18/2015,125.6972,2129.2
5/19/2015,125.5813,2127.83
5/20/2015,125.5717,2125.85
5/21/2015,126.8558,2130.82
5/22/2015,127.9661,2126.06
5/26/2015,125.1469,2104.2
5/27/2015,127.4882,2123.48
5/28/2015,127.2323,2120.79
5/29/2015,125.7841,2107.39
6/1/2015,126.0303,2111.73
6/2/2015,125.4751,2109.6
6/3/2015,125.6296,2114.07
6/4/2015,124.8958,2095.84
6/5/2015,124.2103,2092.83
6/8/2015,123.3897,2079.28
6/9/2015,123.0228,2080.15
6/10/2015,124.4324,2105.2
6/11/2015,124.1524,2108.86
6/12/2015,122.7814,2094.11
6/15/2015,122.54,2084.43
6/16/2015,123.1966,2096.29
6/17/2015,122.9069,2100.44
6/18/2015,123.4669,2121.24
6/19/2015,122.2311,2109.99
6/22/2015,123.2062,2122.85
6/23/2015,122.6462,2124.2
6/24/2015,123.689,2108.58
6/25/2015,123.1,2102.31
6/26/2015,122.3759,2101.49
6/29/2015,120.2325,2057.64
6/30/2015,121.0966,2063.11
7/1/2015,122.2311,2077.42
7/2/2015,122.0766,2076.78
7/6/2015,121.6518,2068.76
7/7/2015,121.3525,2081.34
7/8/2015,118.3401,2046.68
7/9/2015,115.9264,2051.31
7/10/2015,119.0256,2076.62
7/13/2015,121.3235,2099.6
7/14/2015,121.2752,2108.95
7/15/2015,122.4435,2107.4
7/16/2015,124.0752,2124.29
7/17/2015,125.1469,2126.64
7/20/2015,127.5123,2128.28
7/21/2015,126.2379,2119.21
7/22/2015,120.8987,2114.15
7/23/2015,120.8408,2102.15
7/24/2015,120.2035,2079.65
7/27/2015,118.5332,2067.64
7/28/2015,119.1222,2093.25
7/29/2015,118.7457,2108.57
7/30/2015,118.1471,2108.63
7/31/2015,117.114,2103.84
8/3/2015,114.3527,2098.04
8/4/2015,110.6838,2093.32
8/5/2015,111.4176,2099.84
8/6/2015,111.6601,2083.56
8/7/2015,112.0383,2077.57
8/10/2015,116.1117,2104.18
8/11/2015,110.0695,2084.07
8/12/2015,111.7667,2086.05
8/13/2015,111.6794,2083.39
8/14/2015,112.465,2091.54
8/17/2015,113.6289,2102.44
8/18/2015,112.9888,2096.92
8/19/2015,111.5437,2079.61
8/20/2015,109.2548,2035.73
8/21/2015,102.5725,1970.89
8/24/2015,100.012,1893.21
8/25/2015,100.6133,1867.61
8/26/2015,106.384,1940.51
8/27/2015,109.5167,1987.66
8/28/2015,109.8755,1988.87
8/31/2015,109.3615,1972.18
9/1/2015,104.4734,1913.85
9/2/2015,108.9541,1948.86
9/3/2015,107.0435,1951.13
9/4/2015,105.9767,1921.22
9/8/2015,108.925,1969.41
9/9/2015,106.8301,1942.04
9/10/2015,109.1772,1952.29
9/11/2015,110.7678,1961.05
9/14/2015,111.8346,1953.03
9/15/2015,112.7754,1978.09
9/16/2015,112.9015,1995.31
9/17/2015,110.4865,1990.2
9/18/2015,110.0307,1958.03
9/21/2015,111.7376,1966.97
9/22/2015,109.9822,1942.74
9/23/2015,110.8745,1938.76
9/24/2015,111.534,1932.24
9/25/2015,111.2527,1931.34
9/28/2015,109.0511,1881.77
9/29/2015,105.773,1884.09
9/30/2015,106.9756,1920.03
10/1/2015,106.2773,1923.82
10/2/2015,107.0532,1951.36
10/5/2015,107.4412,1987.05
10/6/2015,107.9552,1979.92
10/7/2015,107.4412,1995.83
10/8/2015,106.1997,2013.43
10/9/2015,108.7408,2014.89
10/12/2015,108.2364,2017.46
10/13/2015,108.4207,2003.69
10/14/2015,106.8883,1994.24
10/15/2015,108.4886,2023.86
10/16/2015,107.6933,2033.11
10/19/2015,108.3625,2033.66
10/20/2015,110.341,2030.77
10/21/2015,110.3313,2018.94
10/22/2015,112.0189,2052.51
10/23/2015,115.491,2075.15
10/26/2015,111.8055,2071.18
10/27/2015,111.0975,2065.89
10/28/2015,115.6753,2090.35
10/29/2015,116.8973,2089.41
10/30/2015,115.8983,2079.36
11/2/2015,117.5277,2104.05
11/3/2015,118.8758,2109.79
11/4/2015,118.323,2102.31
11/5/2015,117.7775,2099.93
11/6/2015,117.9139,2099.2
11/9/2015,117.4366,2078.58
11/10/2015,113.7354,2081.72
11/11/2015,113.0926,2075
11/12/2015,112.7127,2045.97
11/13/2015,109.4205,2023.04
11/16/2015,111.2078,2053.19
11/17/2015,110.7354,2050.44
11/18/2015,114.2419,2083.58
11/19/2015,115.6932,2081.24
11/20/2015,116.1996,2089.17
11/23/2015,114.6899,2086.59
11/24/2015,115.7906,2089.14
11/25/2015,114.9627,2088.87
11/27/2015,114.7484,2090.11
11/30/2015,115.2256,2080.41
12/1/2015,114.2906,2102.63
12/2/2015,113.2581,2079.51
12/3/2015,112.2062,2049.62
12/4/2015,115.9367,2091.69
12/7/2015,115.2062,2077.07
12/8/2015,115.1575,2063.59
12/9/2015,112.6153,2047.62
12/10/2015,113.151,2052.23
12/11/2015,110.2387,2012.37
12/14/2015,109.5569,2021.94
12/15/2015,107.6186,2043.41
12/16/2015,108.4465,2073.07
12/17/2015,106.1478,2041.89
12/18/2015,103.2745,2005.55
12/21/2015,104.5407,2021.15
12/22/2015,104.4433,2038.97
12/23/2015,105.7875,2064.29
12/24/2015,105.2225,2060.99
12/28/2015,104.044,2056.5
12/29/2015,105.9141,2078.36
12/30/2015,104.531,2063.36
12/31/2015,102.5245,2043.94
1/4/2016,102.6122,2012.66
1/5/2016,100.0408,2016.71
1/6/2016,98.083,1990.26
1/7/2016,93.9435,1943.09
1/8/2016,94.4402,1922.03
1/11/2016,95.9694,1923.67
1/12/2016,97.3623,1938.68
1/13/2016,94.859,1890.28
1/14/2016,96.9337,1921.84
1/15/2016,94.6058,1880.33
1/19/2016,94.148,1881.33
1/20/2016,94.2746,1859.33
1/21/2016,93.7974,1868.99
1/22/2016,98.7843,1906.9
1/25/2016,96.8558,1877.08
1/26/2016,97.3915,1903.63
1/27/2016,90.9922,1882.95
1/28/2016,91.6448,1893.36
1/29/2016,94.8103,1940.24
2/1/2016,93.924,1939.38
2/2/2016,92.0247,1903.03
2/3/2016,93.8461,1912.53
2/4/2016,94.6001,1915.45
2/5/2016,92.0735,1880.05
2/8/2016,93.043,1853.44
2/9/2016,93.0235,1852.21
2/10/2016,92.3184,1851.86
2/11/2016,91.7602,1829.08
2/12/2016,92.0442,1864.78
2/16/2016,94.6393,1895.58
2/17/2016,96.0887,1926.82
2/18/2016,94.2672,1917.83
2/19/2016,94.0517,1917.78
2/22/2016,94.8743,1945.5
2/23/2016,92.7297,1921.27
2/24/2016,94.1105,1929.8
2/25/2016,94.7568,1951.7
2/26/2016,94.9037,1948.05
2/29/2016,94.6883,1932.23
3/1/2016,98.4488,1978.35
3/2/2016,98.6642,1986.45
3/3/2016,99.3987,1993.4
3/4/2016,100.8774,1999.99
3/7/2016,99.761,2001.76
3/8/2016,98.9384,1979.26
3/9/2016,99.0266,1989.26
3/10/2016,99.0755,1989.57
3/11/2016,100.143,2022.19
3/14/2016,100.3976,2019.64
3/15/2016,102.4149,2015.93
3/16/2016,103.7761,2027.22
3/17/2016,103.6097,2040.59
3/18/2016,103.7272,2049.58
3/21/2016,103.7174,2051.6
3/22/2016,104.5106,2049.8
3/23/2016,103.9328,2036.71
3/24/2016,103.4824,2035.94
3/28/2016,103.0123,2037.05
3/29/2016,105.4507,2055.01
3/30/2016,107.2918,2063.95
3/31/2016,106.7336,2059.74
4/1/2016,107.7129,2072.78
4/4/2016,108.8195,2066.13
4/5/2016,107.5366,2045.17
4/6/2016,108.6628,2066.66
4/7/2016,106.2929,2041.91
4/8/2016,106.4105,2047.6
4/11/2016,106.763,2041.99
4/12/2016,108.1536,2061.72
4/13/2016,109.7205,2082.42
4/14/2016,109.7792,2082.78
4/15/2016,107.5758,2080.73
4/18/2016,105.2549,2094.34
4/19/2016,104.6967,2100.8
4/20/2016,104.9121,2102.4
4/21/2016,103.7761,2091.48
4/22/2016,103.4922,2091.58
4/25/2016,102.9046,2087.79
4/26/2016,102.1897,2091.7
4/27/2016,95.7949,2095.15
4/28/2016,92.8668,2075.81
4/29/2016,91.7993,2065.3
5/2/2016,91.7014,2081.43
5/3/2016,93.2095,2063.37
5/4/2016,92.24,2051.12
5/5/2016,91.8656,2050.63
5/6/2016,91.3533,2057.14
5/9/2016,91.4223,2058.69
5/10/2016,92.043,2084.39
5/11/2016,91.1464,2064.46
5/12/2016,89.0084,2064.11
5/13/2016,89.1857,2046.61
5/16/2016,92.4962,2066.66
5/17/2016,92.1119,2047.21
5/18/2016,93.1662,2047.63
5/19/2016,92.8115,2040.04
5/20/2016,93.8164,2052.32
5/23/2016,95.0086,2048.04
5/24/2016,96.4569,2076.06
5/25/2016,98.1516,2090.54
5/26/2016,98.9299,2090.1
5/27/2016,98.8708,2099.06
5/31/2016,98.388,2096.96
6/1/2016,97.0087,2099.33
6/2/2016,96.2796,2105.26
6/3/2016,96.4766,2099.13
6/6/2016,97.1762,2109.41
6/7/2016,97.5703,2112.13
6/8/2016,97.4816,2119.12
6/9/2016,98.1811,2115.48
6/10/2016,97.3732,2096.07
6/13/2016,95.9052,2079.06
6/14/2016,96.0234,2075.32
6/15/2016,95.7081,2071.5
6/16/2016,96.1121,2077.99
6/17/2016,93.9248,2071.22
6/20/2016,93.6982,2083.25
6/21/2016,94.4963,2088.9
6/22/2016,94.1416,2085.45
6/23/2016,94.6835,2113.32
6/24/2016,92.0233,2037.41
6/27/2016,90.6833,2000.54
6/28/2016,92.2105,2036.09
6/29/2016,93.0085,2070.77
6/30/2016,94.1908,2098.86
7/1/2016,94.4766,2102.95
7/5/2016,93.5898,2088.55
7/6/2016,94.1219,2099.73
7/7/2016,94.5258,2097.9
7/8/2016,95.2549,2129.9
7/11/2016,95.5505,2137.16
7/12/2016,95.984,2152.14
7/13/2016,95.4421,2152.43
7/14/2016,97.3338,2163.75
7/15/2016,97.324,2161.74
7/18/2016,98.3585,2166.89
7/19/2016,98.3979,2163.78
7/20/2016,98.4866,2173.02
7/21/2016,97.9644,2165.17
7/22/2016,97.2057,2175.03
7/25/2016,95.9052,2168.48
7/26/2016,95.2451,2169.18
7/27/2016,101.4325,2166.58
7/28/2016,102.802,2170.06
7/29/2016,102.6739,2173.6
8/1/2016,104.4868,2170.84
8/2/2016,102.9399,2157.03
8/3/2016,104.2306,2163.79
8/4/2016,104.8745,2164.25
8/5/2016,106.4694,2182.87
8/8/2016,107.351,2180.89
8/9/2016,107.7869,2181.74
8/10/2016,106.9845,2175.49
8/11/2016,106.9152,2185.79
8/12/2016,107.1628,2184.05
8/15/2016,108.4506,2190.15
8/16/2016,108.3515,2178.15
8/17/2016,108.193,2182.22
8/18/2016,108.0543,2187.02
8/19/2016,108.3317,2183.87
8/22/2016,107.4897,2182.64
8/23/2016,107.8265,2186.9
8/24/2016,107.0142,2175.44
8/25/2016,106.5585,2172.47
8/26/2016,105.9345,2169.04
8/29/2016,105.8156,2180.38
8/30/2016,105.0033,2176.12
8/31/2016,105.1024,2170.95
9/1/2016,105.7264,2170.86
9/2/2016,106.717,2179.98
9/6/2016,106.6873,2186.48
9/7/2016,107.3411,2186.16
9/8/2016,104.5278,2181.3
9/9/2016,102.1603,2127.81
9/12/2016,104.4486,2159.04
9/13/2016,106.935,2127.02
9/14/2016,110.719,2125.77
9/15/2016,114.4833,2147.26
9/16/2016,113.8394,2139.16
9/19/2016,112.512,2139.12
9/20/2016,112.5021,2139.76
9/21/2016,112.4823,2163.12
9/22/2016,113.5422,2177.18
9/23/2016,111.6502,2164.69
9/26/2016,111.8186,2146.1
9/27/2016,112.0266,2159.93
9/28/2016,112.8785,2171.37
9/29/2016,111.1252,2151.13
9/30/2016,111.987,2168.27
10/3/2016,111.462,2161.2
10/4/2016,111.9375,2150.49
10/5/2016,111.987,2159.73
10/6/2016,112.8191,2160.77
10/7/2016,112.9875,2153.74
10/10/2016,114.9588,2163.66
10/11/2016,115.2065,2136.73
10/12/2016,116.2367,2139.18
10/13/2016,115.8801,2132.55
10/14/2016,116.5239,2132.98
10/17/2016,116.4447,2126.5
10/18/2016,116.3654,2139.6
10/19/2016,116.0187,2144.29
10/20/2016,115.9593,2141.34
10/21/2016,115.5036,2141.16
10/24/2016,116.5438,2151.33
10/25/2016,117.1381,2143.16
10/26/2016,114.5031,2139.43
10/27/2016,113.4036,2133.04
10/28/2016,112.6507,2126.41
10/31/2016,112.4724,2126.15
11/1/2016,110.4417,2111.72
11/2/2016,110.5407,2097.94
11/3/2016,109.3559,2088.66
11/4/2016,108.3701,2085.18
11/7/2016,109.9334,2131.52
11/8/2016,110.5806,2139.56
11/9/2016,110.4013,2163.26
11/10/2016,107.3247,2167.48
11/11/2016,107.9619,2164.45
11/14/2016,105.2537,2164.2
11/15/2016,106.6476,2180.39
11/16/2016,109.5152,2176.94
11/17/2016,109.4754,2187.12
11/18/2016,109.5849,2181.9
11/21/2016,111.2477,2198.18
11/22/2016,111.3174,2202.94
11/23/2016,110.7498,2204.72
11/25/2016,111.3074,2213.35
11/28/2016,111.0884,2201.72
11/29/2016,110.9788,2204.66
11/30/2016,110.0429,2198.81
12/1/2016,109.0173,2191.08
12/2/2016,109.4256,2191.95
12/5/2016,108.639,2204.71
12/6/2016,109.4754,2212.23
12/7/2016,110.5507,2241.35
12/8/2016,111.636,2246.19
12/9/2016,113.4581,2259.53
12/12/2016,112.8109,2256.96
12/13/2016,114.6927,2271.72
12/14/2016,114.6927,2253.28
12/15/2016,115.32,2262.03
12/16/2016,115.4694,2258.07
12/19/2016,116.1365,2262.53
12/20/2016,116.4451,2270.76
12/21/2016,116.5547,2265.18
12/22/2016,115.788,2260.96
12/23/2016,116.017,2263.79
12/27/2016,116.7538,2268.88
12/28/2016,116.256,2249.92
12/29/2016,116.2261,2249.26
12/30/2016,115.32,2238.83
1/3/2017,115.6486,2257.83
1/4/2017,115.5191,2270.75
1/5/2017,116.1066,2269
1/6/2017,117.401,2276.98
1/9/2017,118.4763,2268.9
1/10/2017,118.5958,2268.9
1/11/2017,119.2331,2275.32
1/12/2017,118.7352,2270.44
1/13/2017,118.5261,2274.64
1/17/2017,119.482,2267.89
1/18/2017,119.472,2271.89
1/19/2017,119.2629,2263.69
1/20/2017,119.482,2271.31
1/23/2017,119.5616,2265.2
1/24/2017,119.4521,2280.07
1/25/2017,121.3539,2298.37
1/26/2017,121.4136,2296.68
1/27/2017,121.4236,2294.69
1/30/2017,121.1049,2280.9
1/31/2017,120.8261,2278.87
2/1/2017,128.1942,2279.55
2/2/2017,127.9751,2280.85
2/3/2017,128.5228,2297.42
2/6/2017,129.7275,2292.56
2/7/2017,130.9622,2293.08
2/8/2017,131.47,2294.67
2/9/2017,132.42,2307.87
2/10/2017,132.12,2316.1
2/13/2017,133.29,2328.25
2/14/2017,135.02,2337.58
2/15/2017,135.51,2349.25
2/16/2017,135.345,2347.22
2/17/2017,135.72,2351.16
2/21/2017,136.7,2365.38
2/22/2017,137.11,2362.82
2/23/2017,136.53,2363.81
2/24/2017,136.66,2367.34
2/27/2017,136.93,2369.75
2/28/2017,136.99,2363.64
3/1/2017,139.79,2395.96
3/2/2017,138.96,2381.92
3/3/2017,139.78,2383.12
3/6/2017,139.34,2375.31
3/7/2017,139.52,2368.39
3/8/2017,139,2362.98
3/9/2017,138.68,2364.87
3/10/2017,139.14,2372.6
3/13/2017,139.2,2373.47
3/14/2017,138.99,2365.45
3/15/2017,140.0101,2381.4
